{"cameraMode":{"drawMode":0,"name":"Shaded","section":"Shading Mode"},"sceneLighting":true,"audioPlay":false,"sceneViewState":{"showFog":true,"showMaterialUpdate":false,"showSkybox":true,"showFlares":true,"showImageEffects":true,"showParticleSystems":true},"in2DMode":false,"pivot":{"x":0.0,"y":1.1050573587417603,"z":1.8217315673828126},"rotation":{"x":-0.21530263125896455,"y":0.20420081913471223,"z":-0.046092353761196139,"w":-0.9538460969924927},"size":3.7148430347442629,"orthographic":false}